3dcardkitfantasy	
animatedalien	1ADdETHqjSIEUhjKjhLB9hQjeppXEqcvL
animateddinosaurs	1u5Fhu3ziuRlGonW6bUI7uClqBGoSNeF6
animatedfish	1SvlOveJJjmhSn-FgCRyojc1T5QHjjGkF
animatedguns	1ICYTdMXQqhkhrh8Fzjx9D0ozJuONwtC4
animatedman	1XQ3UpQezkOFDdazv6KK16qp3mBXhO9uO
animatedmech	1sueV_4CGMpZC8y30mWfgKK9UaT3mkHBX
animatedmen	17LibivOaUidsQhSkcxP3YYvDr0n7wIwu
animatedmonster	102H-oyUM8SGYi1mW0GOgkjEu7xSdaORA
animatedrobot	18MU0RtRu9G6SU6uSZ_zMQFmVkRlB4zH5
animatedtanks	1tHX0RF9l4Nw4EZwxH6xWta0HsICU2h-G
animatedwoman	1M2jkG2WLiteK81Pj_v0QjCJoUTf2gCjp
animatedwomen	1c13R--fMqdR6r2MRlcKKsbPky0__T-yJ
animatedzombie	1AfOPRgr5Gl8gll9KfGDEUSYq_Ag7yPJG
backgroundposedhumans	18dWyZlA53euzsc1WobITqFYLcT5sFULz
buildings	1uWCsV9QfnAu8u_QbwkYwOfuU3McME7CA
cars	1fKlbDry77iY8KlEoxzUxIAZQL_XhzWlA
cubeworldkit	1Yyag0ibcOX6lOBY9a3m6iPnz8HwjwLFJ
cutefish	1QK5NCgIxUZ1cYGzVwaNfcfEiQhvczqUB
cutemonsters	1zLLO_7ZoWgUsS4uooYnVSErQYRu1VdS0
cyberpunkgamekit	1GyKLypoBxrpLN6GERF9U610Wiub48v9y
downtowncitymegakit	
easyenemy	1VbJIslXPWK-1KybQN6yezZrfJcw608qe
fantasypropsmegakit	
farmanimal	1is1ax2V0mIEDS7BbbzBV_x2Pabya1dVJ
farmbuildings	1gdZ39vcLML_ULU5sHirkKQ-gEkk458Ak
furniture	1CLWStkb7cipC1ZdTunYJXKVqEVwtXWXK
junkfood	127xt6nsl4Z-YRy-FZru38Sf6ElBWc8IU
knightcharacter	1QVyfCJkq70mAwMIh1cGq1xfHp2LN5GmK
medievaldungeon	13MoeF0Uy9PHqXXi6gh63tV2PLRD6YXJv
medievalvillage	18T92VcNldHG0ugWo1u0hSJGDLua-n7o5
medievalvillagemegakit	
medievalweapons	1Z6vYiQxY8W73FXuMWzaTQAg9rzbumnOr
modularcharacteroutfitsfantasy	
modulardungeon	1CvofJVYHf00StUTsIWtOuyVxeV0CN3UI
modularmedievalbuildings	1WCmnrS1fYQLYfRwztVErgAOyWXdJiVIo
modularplatformer	1ku_XmbHOZ5ypgKCAjpzX6hlXaOJT7Uoq
modularscifimegakit	
modularstreets	1-YvMpLDYBIy-0Ms7ZlFmUpChTbHku8IJ
modulartrain	15UgTB4JZgsSxdBDTTk0Qv1iiCbH9bdMk
piratekit	1KjMzhVsDcyvYMWeVjZcRfuu8auBLpNi2
publictransport	1GUIE138uPVNraiQEf33dIx9wENhttZ15
rpg	1BSyWiPypvgTl32qd5bZjP_iMeG_XsImT
rpgcharacters	1MIRQXLfTd21HMI5rwOb6Xy0rv0xv1m8b
scifiessentialskit	
scifigun	1jaszGQ7QN2KIWFFoOVYy8y8qFe27yVL2
scifimodularguns	1P5j8xZyIEmZGHjGYmIgYCev9SVmB-IHC
ships	1Qf31QTnGfxRzYxx8dHmlVGDT4KmIa0Vy
simplebuildings	1r-FcNFxC6ziN0oI3GqZJdEkdzglFQHQH
simplenature	18hb-5HGCLL9BS8jmxkE4h31wmHGeqfts
spaceships	1ZxWZ-KuSOA-9s53PA1B1-O0txRJvne2i
stylizednaturemegakit	
stylizedtree	1GlrFUFcNj6KIuc4-QpVEiRcXVUzSClP2
survival	1NKfC95GMWWJquy6rRzwFVkVDoZ_QP7K_
sushirestaurantkit	1srOaThdSqYBtmrqq9couZShM5r0cw_bH
texturedfantasynature	1WKJe-QxkPs_zb8CVhxPhYT57EsY5tGD3
toonshootergamekit	1-BDs_EIyd6uiF2XuoyiZEcqnMQIJrE0C
turretpack	1HenXNzxU2HJMDOGQj9LKRHk9eHrBgoya
ultimateanimatedanimals	1uJ3N5HfB7jKTseJUNQr3N4YaN0UuEtHk
ultimatecrops	1uhbi-NWp7pwqOGtraBZurbphyxAvoABZ
ultimatedanimatedcharacter	1sNi1AfenfPRrvRt5yfaj5QMMd6KKcUJ5
ultimatefantasyrts	1h7sztlZyavWla-JDk3jp6KiWDdMh08yd
ultimatefood	1zMfN7q9VU80M7mLAbBBJyY2OdoXslbl1
ultimatefurniture	1n85oUi0RN5ZUXEIMKA-AnBsPErVXWcma
ultimategun	12V-mHNB6bnW2WzgpJfRBQd-TG4pOO3yx
ultimatehomeinterior	1SNK9PwPi8xqqxmpU5xEZeiQjB26C1oX6
ultimatemodularcharacters	1USAAquX2JJWuA2m6zol0KUkFe3UkZ8zX
ultimatemodularruins	1ETp2ldaHaP0BkS4FBmkT-g9Yf88T_cIX
ultimatemodularscifi	1zpr6HxVa-sCV93IHubN3A1d8HhF2wGbM
ultimatemodularwomen	1720N9IGyQHXYvtvZJzazhxtTTlz-y2Vf
ultimatemonsters	18m4KpzpEzhC9wl7jzr6dUc0N8Jozr79C
ultimatenature	1-Kl0L_Jg8awbh0S5T-z3zxh4mVlnxTpa
ultimateplatformer	1NDZn_aGnn0vfFV3M22Y8GPcDjO8BVcLs
ultimaterpg	1IhdL3W5XdJrjf_axqAnKvEybMaC3FwF-
ultimatespacekit	17F8HlI2zPTlo32aieW5YPPwOk78xo-2m
ultimatespaceships	1NpfT3wqe2k3Jwue2xryi7tzxP4bWzETu
ultimatestylizednature	1IV3bXHzkNvuNWFHPi4KPx-G4ghuxIuT-
ultimatetexturedbuildings	1RE3qXhbE5yGS3t-xGFJ8GmOtTgCUF3LQ
universalanimationlibrary	
universalanimationlibrary2	
universalbasecharacters	
zombieapocalypsekit	1mWP6sCHun7OUMHQeDNZLrXTteXlzWg_t
