modularscifimegakit	modular-sci-fi-megakit	2992718
stylizednaturemegakit	stylized-nature-megakit	2862214
universalanimationlibrary2	universal-animation-library-2	4221776
universalbasecharacters	universal-base-characters	3822259
medievalvillagemegakit	medieval-village-megakit	3261545
3dcardkitfantasy	3d-card-kit-fantasy	2758621
scifiessentialskit	sci-fi-essentials-kit	3113926
universalanimationlibrary	universal-animation-library	3408034
downtowncitymegakit	downtown-city-megakit	4595681
fantasypropsmegakit	fantasy-props-megakit	3612041
modularcharacteroutfitsfantasy	modular-character-outfits-fantasy	4040378
